County,Latitude,Longitude,Score,Zipcode
Los Angeles County Split,34.061270606363,-118.23496285959654,6,90086
Los Angeles County Split,34.061270606363,-118.25032314040348,10,90071
Los Angeles County Split,34.048544593637,-118.23496285959654,15,90012
Los Angeles County Split,34.048544593637,-118.25032314040348,44,90013
Cook County,41.7376587,-87.697554,2,60652
Maricopa County,33.0581063,-112.0476423,13,85238
San Diego County Split,32.722101006363005,-117.15352105808527,10,92101
San Diego County Split,32.722101006363005,-117.16864654191473,41,92101
San Diego County Split,32.709374993637,-117.15352105808527,43,92101
San Diego County Split,32.709374993637,-117.16864654191473,34,92101
Orange County Split,33.794271506363,-117.84762489098368,8,92866
Orange County Split,33.794271506363,-117.86293710901634,3,92868
Orange County Split,33.781545493637,-117.84762489098368,17,92866
Orange County Split,33.781545493637,-117.86293710901634,2,92868
Kings County,40.6528762,-73.95949399999999,18,11226
Dallas County Split,32.783027206363,-96.7894199843209,11,75226
Dallas County Split,32.783027206363,-96.80455581567908,31,75202
Dallas County Split,32.770301193637,-96.7894199843209,2,75215
Dallas County Split,32.770301193637,-96.80455581567908,12,75099
Riverside County Split,33.986963506363004,-117.3678207795234,37,92501
Riverside County Split,33.986963506363004,-117.3831676204766,5,92501
Riverside County Split,33.974237493637,-117.3678207795234,11,92501
Riverside County Split,33.974237493637,-117.3831676204766,3,92501
Queens County,40.7282239,-73.7948516,11,11366
Clark County,36.0795613,-115.094045,5,89120
San Bernardino County,34.1083449,-117.2897652,5,92401
Tarrant County,32.7732044,-97.3516558,3,76164
Santa Clara County,37.3541079,-121.9552356,11,95050
Wayne County,42.2814269,-83.3863214,3,48184
Alameda County,37.7798721,-122.2821855,6,94607
New York County Split,40.719138306363,-73.99757820977646,53,10013
New York County Split,40.719138306363,-74.01436739022353,33,10282
New York County Split,40.706412293636994,-73.99757820977646,18,11242
New York County Split,40.706412293636994,-74.01436739022353,56,10006
Philadelphia County Split,39.958946906363,-75.15692094626624,5,19105
Philadelphia County Split,39.958946906363,-75.17352205373376,13,19103
Philadelphia County Split,39.946220893637,-75.15692094626624,47,19109
Philadelphia County Split,39.946220893637,-75.17352205373376,76,19146
Sacramento County Split,38.587934906363,-121.4862598600901,2,95814
Sacramento County Split,38.587934906363,-121.50253933990987,15,95814
Sacramento County Split,38.575208893637,-121.4862598600901,55,95816
Sacramento County Split,38.575208893637,-121.50253933990987,21,95814
Palm Beach County Split,26.71198360636301,-80.02930688363139,9,33480
Palm Beach County Split,26.71198360636301,-80.0435525163686,34,33480
Palm Beach County Split,26.699257593637,-80.02930688363139,29,33480
Palm Beach County Split,26.699257593637,-80.0435525163686,27,33480
Bronx County Split,40.85114490636301,-73.85641551121705,23,10461
Bronx County Split,40.85114490636301,-73.87323808878295,3,10460
Bronx County Split,40.838418893637,-73.85641551121705,7,10462
Bronx County Split,40.838418893637,-73.87323808878295,3,10460
Nassau County,42.51591450000001,-73.61011590000001,1,12123
Travis County,30.2097015,-97.6982272,1,78742
Allegheny County Split,40.451444306363,-80.00041353396902,12,15212
Allegheny County Split,40.451444306363,-80.01713566603097,5,15233
Allegheny County Split,40.438718293637,-80.00041353396902,52,15219
Allegheny County Split,40.438718293637,-80.01713566603097,10,15233
Salt Lake County Split,40.767142306363006,-111.88264675020616,56,84139
Salt Lake County Split,40.767142306363006,-111.89944804979385,57,84180
Salt Lake County Split,40.754416293637,-111.88264675020616,13,84111
Salt Lake County Split,40.754416293637,-111.89944804979385,7,84101
Fairfax County Split,38.85258660636299,-77.29820336763997,17,22030
Fairfax County Split,38.85258660636299,-77.31454323236001,8,22030
Fairfax County Split,38.839860593636985,-77.29820336763997,11,22030
Fairfax County Split,38.839860593636985,-77.31454323236001,3,22030
Collin County,33.1795213,-96.4929797,3,75407
Fulton County,33.8033965,-84.3962535,20,30309
Montgomery County,39.1547426,-77.2405153,1,20878
Honolulu County Split,21.316247506363005,-157.86497008217012,13,96817
Honolulu County Split,21.303521493637,-157.8513101178299,7,96813
Honolulu County Split,21.303521493637,-157.86497008217012,25,96850
Fresno County,36.7377981,-119.7871247,16,93721
St. Louis County Split,38.633365506363006,-90.19125930541908,18,63103
St. Louis County Split,38.633365506363006,-90.20754909458093,13,63103
St. Louis County Split,38.620639493637,-90.19125930541908,13,63101
St. Louis County Split,38.620639493637,-90.20754909458093,15,63103
Westchester County,41.1220194,-73.7948516,8,10570
Duval County,30.3500511,-81.6035062,4,32211
Capitol Planning Region Split,41.77062610636301,-72.67374956113696,23,06103
Capitol Planning Region Split,41.77062610636301,-72.69081103886307,1,06105
Capitol Planning Region Split,41.757900093637,-72.67374956113696,14,06106
Capitol Planning Region Split,41.757900093637,-72.69081103886307,6,06106
Marion County,40.5583739,-85.6591442,3,46952
Pinellas County,27.876394,-82.7778579,2,33773
Gwinnett County,33.9190653,-84.01674229999999,3,30044
Prince George's County,38.78492110000001,-76.8720961,1,20762
Bergen County,40.9262762,-74.07701,19,07653
Milwaukee County Split,43.045265506363,-87.89776777251126,31,53202
Milwaukee County Split,43.045265506363,-87.91517942748874,40,53203
Milwaukee County Split,43.032539493637,-87.89776777251126,15,53202
Milwaukee County Split,43.032539493637,-87.91517942748874,23,53203
DuPage County,41.8243831,-88.0900762,1,60189
Shelby County,35.1268552,-89.9253233,4,38117
Denton County Split,33.221204206363005,-97.1254627111789,23,76209
Denton County Split,33.221204206363005,-97.14067388882108,20,76201
Denton County Split,33.208478193637,-97.1254627111789,13,76205
Denton County Split,33.208478193637,-97.14067388882108,17,76201
Macomb County,42.6651965,-82.92864279999999,4,48044
Hidalgo County,26.1003547,-98.2630684,1,78557
El Paso County Split,31.768240806363007,-106.47753795068114,2,79901
El Paso County Split,31.768240806363007,-106.49250544931888,2,79902
El Paso County Split,31.755514793637,-106.47753795068114,4,79901
El Paso County Split,31.755514793637,-106.49250544931888,42,79901
Middlesex County,40.572603,-74.4926541,5,08846
Worcester County Split,42.268956206363,-71.79369555987542,37,01613
Worcester County Split,42.268956206363,-71.81089124012458,9,01609
Worcester County Split,42.256230193637,-71.79369555987542,22,01655
Worcester County Split,42.256230193637,-71.81089124012458,8,01610
San Francisco County Split,37.781292506363,-122.41136537319368,30,94102
San Francisco County Split,37.781292506363,-122.42746562680632,29,95115
San Francisco County Split,37.768566493637,-122.41136537319368,12,90103
San Francisco County Split,37.768566493637,-122.42746562680632,16,94114
Baltimore County Split,39.296747806363,-76.60396779316679,1,21202
Baltimore County Split,39.296747806363,-76.6204108068332,20,21201
Baltimore County Split,39.284021793637,-76.60396779316679,52,21203
Baltimore County Split,39.284021793637,-76.6204108068332,14,21230
Ventura County Split,34.286855306363,-119.2868192071466,20,93001
Ventura County Split,34.286855306363,-119.3022205928534,16,93001
Ventura County Split,34.274129293637,-119.2868192071466,33,93001
Ventura County Split,34.274129293637,-119.3022205928534,8,93001
Fort Bend County,29.5692614,-95.8142885,1,77471
Snohomish County Split,47.91923860636301,-122.08869135763454,7,98291
Snohomish County Split,47.91923860636301,-122.10767804236546,1,98291
Snohomish County Split,47.90651259363701,-122.08869135763454,35,98291
Snohomish County Split,47.90651259363701,-122.10767804236546,6,98291
Hamilton County,39.3995008,-84.5613355,10,45015
Multnomah County,45.5145659,-122.5863211,4,97215
Essex County,42.63195820000001,-70.7829315,2,01929
Oklahoma County Split,35.473923206363004,-97.50861490197914,25,73104
Oklahoma County Split,35.473923206363004,-97.52424029802086,33,73102
Oklahoma County Split,35.461197193637,-97.50861490197914,20,73129
Oklahoma County Split,35.461197193637,-97.52424029802086,12,73109
Jefferson County,38.1938097,-85.64348700000001,3,40218
Cobb County,33.8999297,-84.56414699999999,1,30008
DeKalb County,33.7956441,-84.2278796,6,30072
Monroe County,41.3306493,-74.1868135,5,10950
San Mateo County Split,37.569354706363,-122.31749822936652,30,94401
San Mateo County Split,37.569354706363,-122.33355257063349,1,94401
San Mateo County Split,37.556628693637,-122.31749822936652,5,94402
Jackson County,37.3822732,-89.6662063,3,63755
Hudson County,40.7453199,-74.05351259999999,5,07307
Denver County Split,39.745598806363006,-104.98197619997916,11,80203
Denver County Split,39.745598806363006,-104.99852580002084,51,80202
Denver County Split,39.732872793637,-104.98197619997916,14,80203
Denver County Split,39.732872793637,-104.99852580002084,9,80204
Davidson County,36.1765901,-86.7818523,18,37219
Bernalillo County,35.30004,-106.5511369,2,87004
District of Columbia Split,38.913555306363,-77.02869375556365,33,20009
District of Columbia Split,38.913555306363,-77.04504764443634,12,20036
District of Columbia Split,38.900829293637,-77.02869375556365,49,20223
District of Columbia Split,38.900829293637,-77.04504764443634,38,20006
Tulsa County Split,36.160344606363005,-95.98489447585662,29,74013
Tulsa County Split,36.160344606363005,-96.0006555241434,13,74013
Tulsa County Split,36.147618593637,-95.98489447585662,19,74120
Tulsa County Split,36.147618593637,-96.0006555241434,2,74107
Providence County Split,41.830352106363,-71.4042956081931,30,02912
Providence County Split,41.830352106363,-71.4213729918069,21,02902
Providence County Split,41.817626093637,-71.4042956081931,34,02903
Providence County Split,41.817626093637,-71.4213729918069,26,02902
Bucks County,40.4107964,-75.2479061,2,18944
Ocean County,40.2645806,-74.0420699,7,07755
Montgomery County,30.3882613,-95.6963355,12,77316
Western Connecticut Planning Region,41.4004202,-73.4443811,5,06810
Brevard County,28.263933,-80.7214417,4,32940
Anne Arundel County,38.9530109,-76.5488232,4,21041
Baltimore City Split,39.296747806363,-76.60396779316679,1,21202
Baltimore City Split,39.296747806363,-76.6204108068332,20,21201
Baltimore City Split,39.284021793637,-76.60396779316679,50,21203
Baltimore City Split,39.284021793637,-76.6204108068332,14,21230
Jefferson County,39.377255,-105.8005988,1,80448
Delaware County Split,39.914156006363,-75.37955737590362,4,19063
Delaware County Split,39.914156006363,-75.39614762409637,28,19063
Delaware County Split,39.901429993637,-75.37955737590362,2,19086
Union County,40.6975898,-74.26316349999999,7,07083
South Central Connecticut Planning Region,41.6032207,-73.087749,1,06779
New Castle County,39.6620397,-75.5668166,6,19720
Lancaster County Split,40.044238506363,-76.29720347331948,18,17602
Lancaster County Split,40.044238506363,-76.31382532668053,36,17603
Lancaster County Split,40.031512493637,-76.29720347331948,11,17602
Lancaster County Split,40.031512493637,-76.31382532668053,9,17603
Guilford County Split,36.096350306363,-79.8218001968314,12,27408
Guilford County Split,36.083624293636994,-79.8218001968314,5,27408
Guilford County Split,36.083624293636994,-79.83754840316858,12,27403
Summit County,41.0918991,-81.5596427,3,44320
Spokane County Split,47.664334106363,-117.41408489890836,46,99258
Spokane County Split,47.664334106363,-117.43297870109164,20,99201
Spokane County Split,47.651608093637,-117.41408489890836,25,99201
Spokane County Split,47.651608093637,-117.43297870109164,37,99201
Chester County,39.849557,-75.3557457,1,19013
Montgomery County Split,39.23447730636301,-84.34589199281119,8,45242
Montgomery County Split,39.23447730636301,-84.36232040718879,3,45242
Montgomery County Split,39.221751293637,-84.34589199281119,3,45242
Montgomery County Split,39.221751293637,-84.36232040718879,15,45242
Plymouth County Split,41.964808706363,-70.65870541586945,16,02360
Plymouth County Split,41.964808706363,-70.67581878413056,21,02360
Plymouth County Split,41.952082693637,-70.65870541586945,20,02360
Plymouth County Split,41.952082693637,-70.67581878413056,6,02360
Greenville County Split,34.85898060636299,-82.38625654371056,5,29601
Greenville County Split,34.85898060636299,-82.40176425628944,15,29601
Greenville County Split,34.846254593636985,-82.38625654371056,7,29603
Greenville County Split,34.846254593636985,-82.40176425628944,50,29601
Passaic County,40.8567662,-74.1284764,5,07055
Sonoma County Split,38.298222006363005,-122.4499284592534,22,95476
Sonoma County Split,38.298222006363005,-122.4661427407466,20,95476
Sonoma County Split,38.285495993637,-122.4499284592534,15,95476
Sonoma County Split,38.285495993637,-122.4661427407466,16,95476
Knox County,36.0186934,-83.8473015,1,37924
Prince William County,38.7838939,-77.6077865,19,20155
Tulare County,36.2077288,-119.3473379,11,93274
Seminole County,27.8397466,-82.79121339999999,6,33772
Burlington County,40.071222,-74.86488729999999,8,08016
Virginia Beach City Split,36.858006706363,-75.97126754168823,11,23451
Virginia Beach City Split,36.858006706363,-75.98717125831175,26,23451
Virginia Beach City Split,36.845280693636994,-75.97126754168823,12,23451
Virginia Beach City Split,36.845280693636994,-75.98717125831175,13,23451
York County Split,39.968961406363,-76.71944323062304,5,17403
York County Split,39.968961406363,-76.73604676937696,25,17404
York County Split,39.956235393637,-76.71944323062304,5,17403
York County Split,39.956235393637,-76.73604676937696,15,17401
Naugatuck Valley Planning Region,41.485921,-73.0506972,4,06770
Santa Barbara County Split,34.427193506363004,-119.69047650524224,11,93103
Santa Barbara County Split,34.427193506363004,-119.70590369475778,44,93101
Santa Barbara County Split,34.414467493637,-119.69047650524224,34,93102
Santa Barbara County Split,34.414467493637,-119.70590369475778,12,93101
Sarasota County Split,27.342828006363007,-82.52384877508916,9,34237
Sarasota County Split,27.342828006363007,-82.53817462491082,44,34236
Sarasota County Split,27.330101993637,-82.52384877508916,6,34326
Sarasota County Split,27.330101993637,-82.53817462491082,59,34236
Monterey County Split,36.606600806363005,-121.88675023120318,20,93949
Monterey County Split,36.606600806363005,-121.90260196879682,6,93944
Monterey County Split,36.593874793637,-121.88675023120318,10,93940
Monterey County Split,36.593874793637,-121.90260196879682,7,93940
Berks County Split,40.351519606363006,-75.98441653273592,14,19610
Berks County Split,40.338793593637,-75.98441653273592,9,19610
Berks County Split,40.338793593637,-76.00111386726407,3,19609
Hillsborough County,43.114728,-71.895049,2,03244
Cameron County,30.8532454,-96.9769304,1,76520
Mobile County Split,30.689002693637,-88.03249143957197,3,36602
Mobile County Split,30.689002693637,-88.04729096042803,45,36601
Charleston County Split,32.789679306363006,-79.92439791848722,7,29415
Charleston County Split,32.789679306363006,-79.93953488151277,35,29403
Charleston County Split,32.776953293637,-79.92439791848722,61,29415
Charleston County Split,32.776953293637,-79.93953488151277,32,29401
Waukesha County Split,43.017146606363006,-88.22047105926762,3,53186
Waukesha County Split,43.017146606363006,-88.23787474073237,16,53188
Waukesha County Split,43.004420593637,-88.23787474073237,12,53186
St. Charles County,38.7881062,-90.4974359,8,63301
Orange County,41.3911653,-74.3118212,8,10924
Madison County,34.6992579,-86.74833180000002,5,35758
Butler County,40.5883933,-82.4248862,1,44822
Mercer County,40.3028533,-74.7337069,5,08648
Orleans Parish Split,29.957428806363,-90.06418855160236,50,70116
Orleans Parish Split,29.957428806363,-90.07887604839765,4,70118
Orleans Parish Split,29.944702793636985,-90.06418855160236,51,70130
Orleans Parish Split,29.944702793636985,-90.07887604839765,12,70125
Brazoria County,29.0444147,-95.5691126,1,77422
Stark County,40.8684676,-81.2518833,3,44641
Chesterfield County,37.3770935,-77.5049863,8,23832
Anoka County Split,45.204105806363,-93.3781459319386,4,55316
Anoka County Split,45.204105806363,-93.39620566806138,14,55303
Anoka County Split,45.191379793637,-93.3781459319386,3,55303
Anoka County Split,45.191379793637,-93.39620566806138,9,55316
Galveston County Split,29.30771090636301,-94.79039925766097,37,77550
Galveston County Split,29.30771090636301,-94.80499234233903,3,77554
Galveston County Split,29.294984893637,-94.79039925766097,12,77550
Galveston County Split,29.294984893637,-94.80499234233903,6,77550
Rockland County,41.1489458,-73.98300290000002,13,10956
St. Lucie County,27.2730492,-80.3582261,8,34984
Spartanburg County Split,34.955930206363,-81.92428518513813,8,29305
Spartanburg County Split,34.955930206363,-81.93981121486186,11,29303
Spartanburg County Split,34.943204193636994,-81.92428518513813,10,29306
Spartanburg County Split,34.943204193636994,-81.93981121486186,13,29306
Boulder County Split,40.021348606363006,-105.2622374614829,26,80302
Boulder County Split,40.021348606363006,-105.27885373851711,64,80302
Boulder County Split,40.008622593637,-105.2622374614829,1,80302
Boulder County Split,40.008622593637,-105.27885373851711,7,80802
Greater Bridgeport Planning Region,41.211842,-73.2057595,9,06606
Luzerne County,41.2856365,-75.9010304,5,18709
Durham County Split,36.000395906363,-78.89075448662898,4,27701
Durham County Split,36.000395906363,-78.90648351337101,49,27701
Durham County Split,35.987669893637,-78.89075448662898,3,27701
Durham County Split,35.987669893637,-78.90648351337101,4,27701
Lancaster County,40.8471492,-96.663812,4,68504
Fayette County,38.06064780000001,-84.4802606,8,40542
Albany County Split,42.658942306363,-73.74758014692841,11,12207
Albany County Split,42.658942306363,-73.76488325307159,11,12206
Albany County Split,42.646216293637,-73.74758014692841,17,12246
Albany County Split,42.646216293637,-73.76488325307159,8,12202
Northampton County,40.6862075,-75.4968501,3,18067
Lorain County,41.452819,-82.1823746,1,44052
Lubbock County Split,33.590924706363005,-101.83800368169612,2,79401
Lubbock County Split,33.590924706363005,-101.8532797183039,22,79401
Lubbock County Split,33.578198693637,-101.83800368169612,6,79401
Lubbock County Split,33.578198693637,-101.8532797183039,11,79401
McHenry County,42.333355,-88.2667534,13,60050
Cumberland County,43.796573,-70.2585205,2,04021
Gloucester County,39.8917799,-75.1162863,4,08030
St. Louis City Split,38.633365506363006,-90.19125930541908,21,63103
St. Louis City Split,38.633365506363006,-90.20754909458093,19,63103
St. Louis City Split,38.620639493637,-90.19125930541908,10,63101
St. Louis City Split,38.620639493637,-90.20754909458093,15,63103
Dutchess County,41.7784372,-73.7477857,2,12545
Clayton County Split,34.884510906363005,-83.39323703618093,18,30525
Clayton County Split,34.884510906363005,-83.40874956381906,14,30525
Clayton County Split,34.871784893637,-83.39323703618093,14,30525
Clayton County Split,34.871784893637,-83.40874956381906,15,30525
Chatham County,31.9994194,-81.1196075,20,31406
Lexington County Split,33.987899906363005,-81.22853719499395,25,29072
Lexington County Split,33.987899906363005,-81.24388420500605,40,29071
Lexington County Split,33.975173893637,-81.22853719499395,11,29071
Lexington County Split,33.975173893637,-81.24388420500605,3,29072
Anchorage Municipality Split,61.223938806363,-149.8864630174141,30,99501
Anchorage Municipality Split,61.223938806363,-149.9128937825859,8,99501
Anchorage Municipality Split,61.211212793637,-149.8864630174141,29,99513
Anchorage Municipality Split,61.211212793637,-149.9128937825859,8,99501
Benton County,34.5693083,-92.585378,14,72015
Dauphin County,40.3673093,-76.9310859,2,17018
York County,34.9943021,-81.24201750000002,8,29745
Merced County Split,37.308526206363005,-120.47496845233678,2,95340
Merced County Split,37.308526206363005,-120.49096694766322,8,95340
Merced County Split,37.295800193637,-120.47496845233678,16,95341
Merced County Split,37.295800193637,-120.49096694766322,14,95341
San Luis Obispo County Split,35.289115406363,-120.65182077372204,12,93410
San Luis Obispo County Split,35.289115406363,-120.66741042627794,11,93407
San Luis Obispo County Split,35.276389393637,-120.65182077372204,9,93401
San Luis Obispo County Split,35.276389393637,-120.66741042627794,54,93405
Southeastern Connecticut Planning Region,41.3317662,-72.94834159999999,4,06515
St. Johns County,30.0820653,-81.5471201,1,32259
Frederick County Split,39.42063180636299,-77.40230480327449,45,21701
Frederick County Split,39.42063180636299,-77.41877699672551,35,21701
Frederick County Split,39.407905793636985,-77.40230480327449,12,
Frederick County Split,39.407905793636985,-77.41877699672551,21,21709
Erie County Split,42.13558710636299,-80.0764792852422,1,16507
Erie County Split,42.13558710636299,-80.0936387147578,25,16507
Erie County Split,42.122861093636985,-80.0764792852422,18,
Erie County Split,42.122861093636985,-80.0936387147578,5,16502
Buncombe County,35.59313770000001,-82.4752757,5,28805
Santa Cruz County Split,36.98048010636301,-122.02283166328402,39,95061
Santa Cruz County Split,36.967754093637,-122.02283166328402,19,95061
Santa Cruz County Split,36.967754093637,-122.038760936716,12,
Cherokee County,34.2514526,-84.4802606,19,
Kalamazoo County Split,42.29806990636301,-85.57862678682115,17,49007
Kalamazoo County Split,42.29806990636301,-85.59583041317886,2,49007
Kalamazoo County Split,42.285343893637,-85.57862678682115,35,49007
Kalamazoo County Split,42.285343893637,-85.59583041317886,12,49007
McLennan County Split,31.52459150636301,-97.17156183430522,7,76707
McLennan County Split,31.52459150636301,-97.18649016569476,9,76710
McLennan County Split,31.511865493637,-97.18649016569476,6,76712
Harford County,39.5838964,-76.3637285,1,21050
Yakima County Split,46.608434106363006,-120.49663750764556,19,98901
Yakima County Split,46.608434106363006,-120.51515989235445,9,98902
Yakima County Split,46.595708093637,-120.49663750764556,9,98901
Yakima County Split,46.595708093637,-120.51515989235445,8,98902
Jefferson County Split,32.763725606363,-94.33762632507658,8,75657
Jefferson County Split,32.763725606363,-94.3527588749234,14,75657
Jefferson County Split,32.750999593637,-94.33762632507658,16,75657
Jefferson County Split,32.750999593637,-94.3527588749234,16,75657
Forsyth County,33.0342974,-83.938242,8,31029
Williamson County Split,35.924290106363,-86.87003963951472,24,37064
Warren County,41.2375569,-80.81841659999999,15,44481
Lafayette Parish Split,30.230452706363007,-92.01247864825486,12,70501
Lafayette Parish Split,30.230452706363007,-92.02720675174514,6,70501
Lafayette Parish Split,30.217726693637,-92.01247864825486,10,70501
Lafayette Parish Split,30.217726693637,-92.02720675174514,2,70506
Henry County,33.4347963,-84.14351359999999,6,30353
Yavapai County,34.6463981,-112.4291464,2,
Norfolk City Split,36.857131906363,-76.29382436731657,35,23507
Norfolk City Split,36.844405893637,-76.2779208326834,2,23514
Norfolk City Split,36.844405893637,-76.29382436731657,40,23514
Saratoga County Split,43.089493106363,-73.77585299018426,20,12866
Saratoga County Split,43.089493106363,-73.79327720981573,15,12866
Saratoga County Split,43.076767093637,-73.77585299018426,24,12866
Saratoga County Split,43.076767093637,-73.79327720981573,43,12866
Arlington County Split,38.887983806363,-77.08280689916153,21,22201
Arlington County Split,38.887983806363,-77.09915490083846,30,22201
Arlington County Split,38.875257793637,-77.08280689916153,2,22211
Arlington County Split,38.875257793637,-77.09915490083846,1,22201
Canyon County,43.67795810000001,-116.6865435,13,83605
Smith County,32.3352505,-95.3102505,6,75701
Brazos County,30.6504141,-96.3226072,3,77802
Tuscaloosa County Split,33.216203706363004,-87.56156834573564,31,35401
Tuscaloosa County Split,33.216203706363004,-87.57677865426434,7,35476
Tuscaloosa County Split,33.203477693637,-87.56156834573564,27,35401
Tuscaloosa County Split,33.203477693637,-87.57677865426434,3,35401
Barnstable County,41.7003208,-70.3002024,5,02630
New Hanover County,34.2154913,-77.88245959999999,4,28403
Montgomery County Split,32.385586306363,-86.30020235440414,2,36104
Montgomery County Split,32.385586306363,-86.31527124559587,19,36104
Montgomery County Split,32.372860293637,-86.30020235440414,5,36104
Montgomery County Split,32.372860293637,-86.31527124559587,16,36104
Richmond City Split,37.547087606363,-77.4440728727238,34,23220
Richmond City Split,37.534361593636994,-77.4280233272762,21,23223
Richmond City Split,37.534361593636994,-77.4440728727238,2,23284
Jefferson County,38.5892299,-92.2630393,9,65109
Delaware County Split,40.30503540636301,-83.05962207938352,18,43015
Delaware County Split,40.30503540636301,-83.07630792061649,10,43015
Delaware County Split,40.292309393637,-83.05962207938352,8,43015
Delaware County Split,40.292309393637,-83.07630792061649,5,43015
York County,43.16174830000001,-70.6482581,7,03909
Niagara County,43.115326,-78.9853813,2,14304
Washington County,40.17396,-80.2461714,14,15301
Clermont County,39.0928449,-84.1857115,1,45103
Elkhart County,41.6873832,-85.973517,20,46515
Champaign County Split,40.122783406363006,-88.2350623816048,25,61820
Champaign County Split,40.122783406363006,-88.2517034183952,25,61820
Champaign County Split,40.110057393637,-88.2350623816048,27,61820
Champaign County Split,40.110057393637,-88.2517034183952,5,61820
Hall County,34.30778,-83.804868,7,30501
Anderson County Split,34.509802406363,-82.64241196872531,4,29621
Anderson County Split,34.509802406363,-82.65785443127469,24,29625
Anderson County Split,34.497076393636995,-82.64241196872531,8,29624
Anderson County Split,34.497076393636995,-82.65785443127469,6,29624
Yuma County Split,32.699014206363,-114.62013081450245,14,85364
Yuma County Split,32.699014206363,-114.63525238549757,1,85364
Yuma County Split,32.686288193637,-114.62013081450245,8,85364
Yuma County Split,32.686288193637,-114.63525238549757,4,85364
Racine County Split,42.73249390636301,-87.77419049621659,9,53403
Racine County Split,42.73249390636301,-87.79151410378344,28,53404
Racine County Split,42.719767893637,-87.77419049621659,1,53401
Racine County Split,42.719767893637,-87.79151410378344,5,53403
Hernando County,28.8999815,-82.37454009999999,2,34442
Butler County,40.8611755,-79.89533279999999,20,16003
Saginaw County,43.4194699,-83.9508068,14,48602
Beaufort County Split,32.437944306363,-80.66228978279321,10,29902
Beaufort County Split,32.437944306363,-80.6773674172068,28,29902
Beaufort County Split,32.425218293636995,-80.66228978279321,9,29920
Beaufort County Split,32.425218293636995,-80.6773674172068,26,29902
Newport News City Split,37.093445106363006,-76.46503570812469,10,23606
Newport News City Split,37.093445106363006,-76.48098869187531,9,23606
Newport News City Split,37.080719093637,-76.46503570812469,20,23606
Newport News City Split,37.080719093637,-76.48098869187531,17,23606
Washington County,37.1305373,-113.5082867,3,84780
Medina County Split,41.149608006363,-81.8636690557063,4,44256
Medina County Split,41.136881993637,-81.8636690557063,19,44256
Ulster County,41.96251280000001,-73.990115,10,12449
Peoria County Split,40.700011806363,-89.59737857995049,8,61606
Peoria County Split,40.687285793637,-89.5805942200495,6,61629
Peoria County Split,40.687285793637,-89.59737857995049,27,61605
Imperial County,32.8475528,-115.5694391,2,92251
Shawnee County,39.02284849999999,-94.7151865,9,66217
Muskegon County Split,43.240544306363006,-86.23965842621278,8,49442
Muskegon County Split,43.240544306363006,-86.2571257737872,12,49440
Muskegon County Split,43.227818293637,-86.2571257737872,10,49441
Lower Connecticut River Valley Planning Region,41.403027,-72.4509331,5,06412
Porter County,41.6163803,-87.0747971,4,46304
Aiken County Split,33.566779806363,-81.71191741768425,1,29801
Aiken County Split,33.566779806363,-81.72718918231575,32,29801
Aiken County Split,33.554053793637,-81.71191741768425,7,29801
Aiken County Split,33.554053793637,-81.72718918231575,28,29801
Davidson County Split,35.505666106363,-80.84086881585695,8,28036
Davidson County Split,35.505666106363,-80.85650038414305,12,28036
Davidson County Split,35.492940093637,-80.84086881585695,6,28036
Davidson County Split,35.492940093637,-80.85650038414305,17,28036
Midland County Split,32.003708606363006,-102.07041169750946,18,79701
Midland County Split,32.003708606363006,-102.08541750249054,6,79701
Midland County Split,31.990982593637,-102.07041169750946,17,79701
Midland County Split,31.990982593637,-102.08541750249054,2,79701
Kenosha County Split,42.591105506363,-87.81254326708721,24,53140
Kenosha County Split,42.591105506363,-87.82982753291277,7,53140
Kenosha County Split,42.578379493636994,-87.81254326708721,16,53140
Kenosha County Split,42.578379493636994,-87.82982753291277,8,53143
Chittenden County,43.7271064,-72.9428417,2,05737
Pueblo County Split,38.276962606363,-104.60199853298124,7,81003
Pueblo County Split,38.264236593636994,-104.60199853298124,13,81003
Pueblo County Split,38.264236593636994,-104.61820806701878,37,81003
Beaver County,40.6953437,-80.30478459999999,15,15009
Comal County,29.8105572,-98.2212979,1,
Rensselaer County Split,42.648942406363005,-73.75154816238273,27,12202
Rensselaer County Split,42.636216393637,-73.75154816238273,4,12202
Jackson County Split,42.252232006363,-84.39275063951136,6,49201
Jackson County Split,42.252232006363,-84.40994176048862,22,49201
Jackson County Split,42.239505993637,-84.39275063951136,1,49203
Jackson County Split,42.239505993637,-84.40994176048862,1,49203
St. Clair County,42.8208653,-82.486024,17,48079
Schenectady County Split,42.820606206363,-73.93089456534459,21,12308
Schenectady County Split,42.820606206363,-73.9482428346554,9,12305
Schenectady County Split,42.807880193637,-73.93089456534459,5,12307
Schenectady County Split,42.807880193637,-73.9482428346554,14,12305
Fairfield County,39.3454673,-84.5603187,5,45014
Stafford County,38.4220687,-77.4083086,1,22554
Alexandria City Split,38.811198506363006,-77.03875621561636,25,22314
Alexandria City Split,38.811198506363006,-77.05508658438364,45,22314
Alexandria City Split,38.798472493637,-77.03875621561636,38,22314
Alexandria City Split,38.798472493637,-77.05508658438364,20,22314
Madera County Split,36.967698606363,-120.05275430047688,2,93638
Madera County Split,36.967698606363,-120.06868089952312,8,93637
Madera County Split,36.954972593637,-120.05275430047688,8,93638
Canadian County,35.1773201,-95.6552659,1,74425
Mesa County,39.1662458,-108.1388881,1,81643
Franklin County,41.3978358,-79.8314437,15,16323
Citrus County,28.8848842,-82.5185837,2,34461
Monroe County,41.9164343,-83.3977101,13,48161
Washington County,39.6130477,-77.69941969999999,5,21740
Santa Fe County Split,35.693338206363,-105.92996487076444,31,87501
Santa Fe County Split,35.693338206363,-105.94563312923556,36,87501
Santa Fe County Split,35.680612193637,-105.92996487076444,27,87505
Santa Fe County Split,35.680612193637,-105.94563312923556,40,87505
Merrimack County,42.8678693,-71.49483219999999,12,03054
Johnson County,41.6698982,-91.5983959,1,52246
Kaufman County,32.5890238,-96.3088693,6,75142
Coweta County,33.3716708,-84.7315563,3,30265
Sussex County,41.20981769999999,-74.6076614,3,07461
Douglas County,31.5088073,-82.8498654,15,31533
Rock Island County,41.5094771,-90.5787476,3,61201
Jackson County,32.2987573,-90.1848103,19,39201
Livingston Parish,30.5021345,-90.7478737,2,70754
Lebanon County,40.3409251,-76.4113497,19,17046
Schuylkill County,40.6873058,-76.17837390000001,3,17965
Taylor County,30.5701906,-97.4097331,9,76574
Spotsylvania County,38.1979096,-77.58776519999999,3,22553
Napa County Split,38.303901106363,-122.27875722472666,38,94559
Napa County Split,38.303901106363,-122.29497277527337,38,94559
Napa County Split,38.291175093636994,-122.27875722472666,12,94559
Napa County Split,38.291175093636994,-122.29497277527337,20,94559
Hampton City,37.0298687,-76.34522179999999,15,23669
Florence County Split,34.201796106363005,-79.77025541641144,22,29501
Florence County Split,34.189070093637,-79.77025541641144,22,29501
Washington County,45.3948295,-86.9313007,1,54246
Warren County,36.9886043,-86.49965460000001,1,42101
Cambria County,40.4894231,-78.74762079999999,1,15931
Pickens County,34.8834489,-82.7073573,12,29671
Madison County Split,38.74225630636301,-85.37180040287159,22,47250
Madison County Split,38.74225630636301,-85.3881149971284,20,47250
Madison County Split,38.729530293637,-85.37180040287159,21,47052
Madison County Split,38.729530293637,-85.3881149971284,10,47052
Washington County,41.6884336,-71.5667291,7,02816
Wichita County Split,33.920071506363,-98.48571990779824,4,76301
Wichita County Split,33.920071506363,-98.50105469220176,10,76306
Wichita County Split,33.907345493637,-98.48571990779824,18,76301
Wichita County Split,33.907345493637,-98.50105469220176,7,76307
Clarke County,33.9519347,-83.357567,4,30601
Chautauqua County,42.209774,-79.4668445,9,14722
Ascension Parish,30.2017295,-90.9438468,15,70737
Richland County Split,40.763035306363,-82.51018356920783,27,44902
Richland County Split,40.750309293637,-82.51018356920783,3,44902
Richland County Split,40.750309293637,-82.52698383079216,5,44903
Jasper County,37.3361642,-94.301336,2,64755
Comanche County,34.3689747,-97.963924,1,73529
La Crosse County Split,43.82013810636301,-91.24308371078088,13,54601
La Crosse County Split,43.82013810636301,-91.26071968921912,9,54602
La Crosse County Split,43.807412093637,-91.24308371078088,12,54601
La Crosse County Split,43.807412093637,-91.26071968921912,26,54602
Allegan County,42.5291989,-85.8553031,13,49010
Carroll County,33.5642239,-85.0649071,16,30119
Fayette County,33.4502206,-84.4802606,8,30214
Missoula County Split,46.87849140636301,-113.98472370903106,20,59802
Missoula County Split,46.87849140636301,-114.00333909096894,19,59802
Missoula County Split,46.865765393637,-113.98472370903106,14,59812
Missoula County Split,46.865765393637,-114.00333909096894,34,59801
Lowndes County,30.8600022,-83.2934086,12,31602
Oswego County Split,43.461709106363,-76.50173174933342,21,13126
Oswego County Split,43.461709106363,-76.51926285066658,19,13126
Oswego County Split,43.448983093637,-76.50173174933342,2,13126
Oswego County Split,43.448983093637,-76.51926285066658,12,13126
Sheboygan County Split,43.757191406363006,-87.7057212903075,9,53081
Sheboygan County Split,43.757191406363006,-87.7233387096925,7,53081
Sheboygan County Split,43.744465393637,-87.7057212903075,21,53081
Sheboygan County Split,43.744465393637,-87.7233387096925,6,53081
Jefferson County,42.4813303,-74.6102591,4,12093
Henderson County,36.3272658,-78.40269099999999,6,27536
Albemarle County,38.0567092,-78.6114999,2,22903
Ontario County,43.2209426,-77.2833793,1,14519
LaPorte County Split,41.617506006363,-86.71420904049306,14,46350
LaPorte County Split,41.617506006363,-86.73122995950693,11,46350
LaPorte County Split,41.604779993637,-86.71420904049306,2,46350
LaPorte County Split,41.604779993637,-86.73122995950693,8,46350
Androscoggin County,44.19124160000001,-70.17070369999999,2,
Craighead County Split,35.832458906363,-90.66945676148195,15,72401
Craighead County Split,35.832458906363,-90.68515243851805,5,72401
Craighead County Split,35.819732893637,-90.66945676148195,31,72401
Craighead County Split,35.819732893637,-90.68515243851805,23,72401
Hardin County,36.7647773,-88.2953134,2,42048
Rockwall County,32.9090739,-96.4500618,12,75032
Mercer County,41.2270025,-80.2397852,7,16137
Hanover County,37.7665686,-77.37024439999999,3,23069
Madison County,32.4618086,-90.1153638,18,39130
Eaton County,42.5886496,-84.7733325,1,
Bradley County Split,35.200140806363,-84.8490069199931,25,37312
Bradley County Split,35.200140806363,-84.8645794800069,2,37312
Bradley County Split,35.187414793637,-84.8490069199931,2,37312
Bradley County Split,35.187414793637,-84.8645794800069,13,37312
Miami County Split,39.515111506363006,-84.74273878446202,28,45056
Miami County Split,39.502385493637,-84.74273878446202,13,45056
Yamhill County,45.3415301,-123.1878221,1,97148
Kankakee County,41.1200325,-87.8611531,9,60901
Houston County,34.1414925,-87.2580686,1,35572
Platte County,39.34756489999999,-94.7691586,6,64079
Vigo County Split,39.422901206363,-87.41251543516353,19,47802
Vigo County Split,39.422901206363,-87.42898816483645,1,47802
Vigo County Split,39.410175193637,-87.41251543516353,5,47802
Monongalia County,39.6695849,-79.96403389999999,6,26506
Eau Claire County Split,44.817712006363,-91.48952493314204,2,54703
Eau Claire County Split,44.817712006363,-91.50746326685795,15,54703
Eau Claire County Split,44.804985993637,-91.48952493314204,8,54701
Eau Claire County Split,44.804985993637,-91.50746326685795,21,54703
Sumter County Split,33.926798406363005,-80.33380130247421,14,29150
Sumter County Split,33.926798406363005,-80.34913729752579,17,29150
Sumter County Split,33.914072393637,-80.33380130247421,5,29150
Sumter County Split,33.914072393637,-80.34913729752579,8,29150
Walworth County,42.5311279,-88.5995456,7,53184
Limestone County,34.78000720000001,-86.9423801,12,35611
Fond du Lac County Split,43.77940780636301,-88.4382388186379,20,54935
Fond du Lac County Split,43.77940780636301,-88.4558627813621,18,54935
Fond du Lac County Split,43.766681793637,-88.4382388186379,2,54935
Fond du Lac County Split,43.766681793637,-88.4558627813621,2,54935
Macon County,39.7128155,-88.9970218,2,62513
Whitfield County,34.8033566,-84.981754,1,30722
Daviess County,37.7307984,-87.10237459999999,1,42303
Allen County,40.769946,-84.14351359999999,15,45805
Columbiana County,40.88839309999999,-80.69396429999999,1,44408
Hunt County,30.0710434,-99.3379764,2,78024
DeKalb County Split,41.935898506363,-88.74135999486343,4,60115
DeKalb County Split,41.935898506363,-88.75846560513655,9,60115
DeKalb County Split,41.923172493637,-88.74135999486343,6,60115
DeKalb County Split,41.923172493637,-88.75846560513655,6,60115
Laramie County Split,41.317729906363006,-105.58262949073496,1,82072
Laramie County Split,41.317729906363006,-105.59957190926502,15,82072
Laramie County Split,41.305003893637,-105.58262949073496,6,82070
Laramie County Split,41.305003893637,-105.59957190926502,15,82071
Garland County,33.3579649,-93.7108995,3,71839
Montgomery County,37.2070304,-80.4103957,19,24063
Roanoke City Split,37.277333406363006,-79.93343066760171,37,24042
Roanoke City Split,37.277333406363006,-79.94942253239829,11,24016
Roanoke City Split,37.264607393637,-79.93343066760171,12,24013
Roanoke City Split,37.264607393637,-79.94942253239829,17,24016
Sutter County,39.1598915,-121.7527482,1,95982
Dubuque County Split,42.512711006363006,-90.65910341276944,5,52001
Dubuque County Split,42.512711006363006,-90.67636598723054,1,52001
Dubuque County Split,42.499984993637,-90.65910341276944,37,52001
Dubuque County Split,42.499984993637,-90.67636598723054,11,52001
Madison County,36.25620019999999,-86.7143516,3,37115
Floyd County,34.2828967,-85.2308414,2,30165
Bastrop County Split,30.116857706363007,-97.30791452963048,2,78602
Bastrop County Split,30.116857706363007,-97.32262567036952,8,78602
Bastrop County Split,30.104131693637,-97.30791452963048,5,78602
Bastrop County Split,30.104131693637,-97.32262567036952,30,78602
Marshall County,34.3652297,-86.3376761,2,35976
Ashtabula County,41.8650534,-80.7898089,3,44004
Lancaster County,34.7204257,-80.7709014,4,29720
Portsmouth City,36.8354258,-76.2982742,20,23704
Roanoke County Split,37.277333406363006,-79.93343066760171,34,24042
Roanoke County Split,37.277333406363006,-79.94942253239829,11,24016
Roanoke County Split,37.264607393637,-79.93343066760171,12,24013
Roanoke County Split,37.264607393637,-79.94942253239829,17,24016
Northeastern Connecticut Planning Region,41.6032207,-73.087749,2,06779
Cape May County Split,38.941475506363005,-74.91418546268235,10,18204
Cape May County Split,38.928749493637,-74.89782513731762,2,
Cape May County Split,38.928749493637,-74.91418546268235,40,18204
Nash County,35.9597948,-77.973865,1,27856
Suffolk City,36.7282054,-76.5835621,18,23434
St. Croix County,45.4574763,-92.6554094,1,54024
Rockdale County,33.6752492,-84.0378894,7,30012
Liberty County,30.057993,-94.7954783,6,77575
Campbell County,38.8951891,-84.3962535,1,41001
Tuscarawas County,40.3947887,-81.4070577,1,44629
Bowie County,33.5589953,-97.8486457,10,76230
Northumberland County,40.8917519,-76.7974653,6,17857
Victoria County Split,28.811630406363008,-96.99633666914232,9,77901
Victoria County Split,28.811630406363008,-97.01085973085767,3,77901
Victoria County Split,28.798904393636995,-96.99633666914232,2,77901
Victoria County Split,28.798904393636995,-97.01085973085767,15,77901
Rockingham County,34.9393201,-79.7739457,7,28379
Mendocino County Split,39.301311393637,-123.79123556237212,30,95460
Mendocino County Split,39.301311393637,-123.8076826376279,9,95460
Twin Falls County Split,42.562201106363005,-114.46141367099126,18,83301
Twin Falls County Split,42.562201106363005,-114.47868992900872,14,83301
Twin Falls County Split,42.549475093637,-114.46141367099126,17,83301
Twin Falls County Split,42.549475093637,-114.47868992900872,17,83301
Christian County,36.99764400000001,-93.1779659,2,65721
Lapeer County,43.0514161,-83.31883409999999,20,48446
Cullman County Split,34.181183806363,-86.83592136313118,15,35055
Cullman County Split,34.181183806363,-86.85130343686882,10,35055
Cullman County Split,34.168457793637,-86.83592136313118,5,35055
Cullman County Split,34.168457793637,-86.85130343686882,18,35055
Jefferson County,43.0055594,-88.8073273,8,53549
Newport County Split,41.496465406363,-71.30433396026179,9,02840
Newport County Split,41.496465406363,-71.3213230397382,10,02840
Newport County Split,41.483739393637,-71.30433396026179,31,02840
Newport County Split,41.483739393637,-71.3213230397382,48,02840
Orange County,30.0929879,-93.7365549,5,77630
Cascade County,47.2709011,-111.7008948,1,59421
Barrow County,34.0142667,-83.6986568,1,30680
Orangeburg County,33.4918203,-80.8556476,6,29115
Midland County Split,43.621945506363005,-84.2384227263678,3,48640
Midland County Split,43.609219493637,-84.2384227263678,25,48667
Indiana County Split,40.627818106363,-79.14415179684742,13,15701
Indiana County Split,40.627818106363,-79.16091800315256,19,15701
Indiana County Split,40.615092093637,-79.14415179684742,1,15701
Indiana County Split,40.615092093637,-79.16091800315256,9,15705
Lee County,34.2354138,-88.7108964,4,38804
Henderson County,32.1532156,-94.7993802,6,75652
Bullitt County,37.9842107,-85.684578,1,40165
Bartholomew County,39.206801,-85.8895551,10,47203
Wagoner County,35.9595442,-95.3694116,5,74467
Leavenworth County,39.3103522,-94.9279371,7,66048
Cape Girardeau County Split,37.312246906363,-89.51014795654771,5,63701
Cape Girardeau County Split,37.312246906363,-89.52614724345227,24,63701
Cape Girardeau County Split,37.299520893637,-89.51014795654771,9,63703
Cape Girardeau County Split,37.299520893637,-89.52614724345227,14,63703
Manitowoc County Split,44.094968906363,-87.64872513978312,20,54220
Manitowoc County Split,44.094968906363,-87.66644286021688,37,54220
Manitowoc County Split,44.082242893637,-87.64872513978312,2,54220
Manitowoc County Split,44.082242893637,-87.66644286021688,11,54220
Talladega County,33.4359416,-86.1058048,4,35160
Kosciusko County,41.2864679,-85.84862360000001,3,46582
Putnam County,36.134602,-85.47880649999999,1,38503
Umatilla County,45.9173549,-119.3425179,4,97882
Clinton County,43.0484029,-75.3785034,5,13323
Bedford County,37.3343079,-79.52308769999999,9,24523
Clearfield County,41.0272796,-78.4391876,6,16830
Clinton County,42.0719866,-83.9716095,1,49236
Lynchburg City Split,37.420116606363,-79.13423525016631,18,24572
Lynchburg City Split,37.420116606363,-79.15025754983367,17,24504
Lynchburg City Split,37.407390593637,-79.13423525016631,22,24504
Chelan County Split,47.847195306363005,-120.0262880514732,14,98816
Chelan County Split,47.834469293637,-120.00732774852682,22,98817
Chelan County Split,47.834469293637,-120.0262880514732,30,98816
James City County,37.3002132,-76.8028933,1,23188
Wilson County,35.7258286,-77.91112369999999,13,27893
Forrest County,32.3645888,-89.47423479999999,6,39074
Jackson County,33.2945651,-83.96602089999999,18,30233
Valencia County,34.7994996,-106.7003035,10,87031
Van Buren County,42.2203171,-83.4838244,6,48111
Hancock County,41.0273131,-83.67739279999999,2,45840
Lonoke County,34.7843212,-91.9000647,2,72086
Vermilion County,40.122469,-87.697554,2,61832
Tooele County,40.53077760000001,-112.29828,9,
Broomfield County,39.9205411,-105.0866504,11,80020
Somerset County,40.008411,-79.0780831,15,15501
Fauquier County Split,38.727241706363,-77.78282201701478,1,20186
Fauquier County Split,38.727241706363,-77.7991331829852,21,20186
Fauquier County Split,38.714515693637,-77.7991331829852,31,20186
Grand Forks County Split,47.931619806363,-97.02335908546742,14,56721
Grand Forks County Split,47.931619806363,-97.04235031453258,6,58203
Grand Forks County Split,47.918893793637,-97.02335908546742,14,58201
Grand Forks County Split,47.918893793637,-97.04235031453258,14,58203
Franklin County,42.0834313,-71.396725,13,02038
Portage County,43.5391486,-89.46262019999999,3,53901
Columbia County,30.1812696,-82.605118,2,32025
Franklin County Split,35.188680106363,-83.37375771810044,26,28734
Franklin County Split,35.188680106363,-83.38932808189956,4,28734
Franklin County Split,35.175954093637,-83.37375771810044,11,28734
Franklin County Split,35.175954093637,-83.38932808189956,11,28734
Troup County,33.0698575,-85.02334599999999,2,30241
Greenwood County Split,34.201763106363,-82.15409538659921,2,29649
Greenwood County Split,34.201763106363,-82.16948121340079,10,29649
Greenwood County Split,34.189037093637,-82.15409538659921,15,29647
Greenwood County Split,34.189037093637,-82.16948121340079,15,29648
Blue Earth County,43.6375818,-94.1023906,1,56013
Laurens County,34.4990116,-82.0142597,5,29360
Rice County,45.7529003,-94.2223283,1,56367
Montcalm County,43.3057341,-85.1894045,1,48888
Ionia County,42.9872547,-85.07111739999999,7,48846
Muskogee County,35.7478769,-95.3696909,3,74401
Wayne County,41.039115,-85.1686743,2,46809
Marquette County Split,46.549982906363006,-87.38612008372,28,49855
Marquette County Split,46.549982906363006,-87.40462251627999,17,49855
Marquette County Split,46.537256893637,-87.38612008372,21,49855
Marquette County Split,46.537256893637,-87.40462251627999,7,49855
Mason County,47.4251146,-123.1951376,1,
Kershaw County,34.5518201,-80.5836836,2,29067
Marion County,40.5886699,-83.1285242,6,43302
Jefferson County,41.7386662,-80.7698066,3,44047
Carbon County,40.901975,-75.667356,1,18229
Walker County,33.8563605,-87.30161319999999,2,35503
Columbia County,40.0337085,-76.50440979999999,3,17512
Salem County,39.5717796,-75.46714229999999,2,08079
Nacogdoches County Split,31.610308506363005,-94.64853297178912,17,75961
Nacogdoches County Split,31.610308506363005,-94.6634750282109,5,75964
Nacogdoches County Split,31.597582493636992,-94.64853297178912,16,75961
Nacogdoches County Split,31.597582493636992,-94.6634750282109,5,75965
Hamblen County,36.2054334,-83.2934086,5,37813
Georgetown County Split,33.383197006363005,-79.28687667522681,6,29440
Georgetown County Split,33.383197006363005,-79.30211612477319,3,29440
Georgetown County Split,33.370470993637,-79.28687667522681,38,29440
Georgetown County Split,33.370470993637,-79.30211612477319,4,29440
Lee County,35.4693744,-79.1548533,4,27330
Union County,39.8978327,-84.3063343,2,45322
Darlington County,34.3003526,-79.8757116,5,29532
Walla Walla County Split,46.070943906363006,-118.33385018283558,53,99362
Walla Walla County Split,46.070943906363006,-118.35219141716443,11,99362
Walla Walla County Split,46.058217893637,-118.33385018283558,3,99362
Walla Walla County Split,46.058217893637,-118.35219141716443,7,99324
Columbia County Split,40.813898506363,-73.95416613405344,8,10027
Columbia County Split,40.813898506363,-73.97097926594655,4,10205
Columbia County Split,40.801172493637,-73.95416613405344,21,10026
Columbia County Split,40.801172493637,-73.97097926594655,5,10205
Athens County Split,39.33560260636301,-82.09302932691914,17,45701
Athens County Split,39.33560260636301,-82.10948147308086,23,45701
Athens County Split,39.322876593637,-82.09302932691914,8,45701
Athens County Split,39.322876593637,-82.10948147308086,22,45701
Granville County,36.2799451,-78.6114999,1,27565
St. Joseph County,42.0938577,-86.4895463,11,49085
Rutland County Split,43.616986706363,-72.96381835103077,9,05701
Rutland County Split,43.616986706363,-72.98139464896923,2,05701
Rutland County Split,43.604260693637,-72.96381835103077,3,05701
Rutland County Split,43.604260693637,-72.98139464896923,32,05702
Herkimer County,43.0256259,-74.9859889,8,13350
Lincoln County,38.3908555,-93.3346497,1,65338
Bradford County,41.9564953,-78.649163,6,16701
Sandusky County Split,41.462538406363,-82.70319200501031,8,44870
Sandusky County Split,41.462538406363,-82.72017219498967,14,44870
Sandusky County Split,41.449812393637,-82.70319200501031,10,44870
Sandusky County Split,41.449812393637,-82.72017219498967,18,44870
Huron County,41.3950489,-82.55517329999999,7,44839
Oxford County,44.1317459,-70.4931557,1,04270
Carson City Split,39.170161406363,-119.7591967084644,16,89706
Carson City Split,39.170161406363,-119.7756100915356,17,89703
Carson City Split,39.157435393637,-119.7591967084644,11,89701
Carson City Split,39.157435393637,-119.7756100915356,12,89703
Coffee County,35.4576849,-86.05296039999999,9,37335
Anderson County,30.4876971,-95.9924515,1,77830
Windsor County,43.4799996,-72.3865679,4,05089
Gordon County,32.8820866,-83.3323848,1,31031
Acadia Parish,30.2297347,-92.3813621,12,70526
Waller County,30.0566085,-95.9268986,3,77874
Eagle County,39.6542086,-106.8265908,12,81631
Loudon County,35.7328541,-84.3338112,3,37774
Lenoir County,35.9140196,-81.5389849,11,28645
Tuolumne County,37.9627027,-120.2412999,2,95379
Franklin County,36.6776507,-76.9224608,5,23851
Dickson County,36.0770048,-87.3877899,19,37055
Washington County,38.7134301,-78.1590813,5,22747
Elko County Split,40.838784106363,-115.75471347954635,14,89801
Elko County Split,40.838784106363,-115.77153292045364,5,89801
Elko County Split,40.826058093637,-115.75471347954635,13,89801
Elko County Split,40.826058093637,-115.77153292045364,12,89801
Jessamine County,37.895573,-84.56414699999999,5,40356
Fulton County,43.3228462,-76.4171585,12,13069
Culpeper County Split,38.479709506363,-77.98799019281302,13,22701
Culpeper County Split,38.479709506363,-78.00424520718698,14,22701
Culpeper County Split,38.466983493637,-77.98799019281302,23,22701
Culpeper County Split,38.466983493637,-78.00424520718698,30,22701
Rusk County,31.7960064,-95.1502214,7,75785
Jackson County,31.5090521,-87.8944435,3,36545
Ashland County,40.8686675,-82.3182178,17,44805
Waupaca County,44.3580348,-89.0859464,7,54981
Harrisonburg City Split,38.455931806363004,-78.86079067160163,4,22802
Harrisonburg City Split,38.455931806363004,-78.87704032839837,4,22802
Harrisonburg City Split,38.443205793637,-78.86079067160163,15,22801
Harrisonburg City Split,38.443205793637,-78.87704032839837,23,22081
Ogle County,41.9969811,-89.3226954,3,61061
Franklin County,36.7187855,-86.5785573,7,42134
Wayne County,40.0415996,-75.3698895,10,19010
Columbus County,35.25316979999999,-82.1970584,2,28722
Carroll County,44.297676,-71.5427968,1,03595
Bristol County,41.6771101,-71.26620249999999,13,02809
Venango County,41.3896611,-79.8296743,9,16323
Lamar County,28.1394565,-97.0055455,2,78382
Winona County,44.0553908,-91.6663523,14,55987
Burnet County,30.75823759999999,-98.2283585,8,78611
Montgomery County,41.5275938,-74.23681599999999,13,12549
Halifax County,36.328486,-77.5894199,2,27839
Shelby County,40.88144519999999,-82.6618424,4,44875
Greene County,42.3292408,-75.7699147,2,13778
Jackson County Split,30.33854680636301,-81.64827883247624,2,32206
Jackson County Split,30.325820793637,-81.64827883247624,11,32202
Jackson County Split,30.325820793637,-81.66302316752375,26,32202
Bedford County,40.0186921,-78.50390689999999,20,15522
Franklin County,42.3406373,-75.1651689,2,13775
Allegany County,42.0900647,-78.4941887,1,14706
Cortland County Split,42.607544306363,-76.17183988730886,14,13045
Cortland County Split,42.607544306363,-76.18912871269114,5,13045
Cortland County Split,42.594818293637,-76.17183988730886,16,13045
Cortland County Split,42.594818293637,-76.18912871269114,18,13045
Clinton County,41.8444735,-90.1887379,4,52732
Charlottesville City Split,38.035668906363,-78.46860009987259,9,22902
Charlottesville City Split,38.035668906363,-78.48475610012744,49,22903
Charlottesville City Split,38.022942893636994,-78.46860009987259,8,22902
Charlottesville City Split,38.022942893636994,-78.48475610012744,7,22902
Monroe County,42.60111939999999,-89.6384532,9,53566
Caldwell County,30.5313152,-96.6930303,1,77836
Logan County Split,39.546430206363006,-82.39884759529417,8,43138
Logan County Split,39.546430206363006,-82.41534960470582,7,43138
Logan County Split,39.533704193637,-82.39884759529417,3,43138
Logan County Split,39.533704193637,-82.41534960470582,10,43138
Hillsdale County,41.9200472,-84.6305101,3,49242
Washington Parish,30.6163073,-92.057063,2,70589
Henderson County,37.8361538,-87.59001339999999,7,42420
Beaufort County Split,34.724580406363,-76.67155983215004,4,
Beaufort County Split,34.711854393637,-76.65607736784996,10,28516
Beaufort County Split,34.711854393637,-76.67155983215004,21,
Shenandoah County,38.4851245,-78.625016,4,22849
Holmes County,40.5540928,-81.909826,2,44654
Huntingdon County,40.48479589999999,-78.0102813,6,16652
Madison County,41.7711633,-81.049819,4,44057
Baldwin County,34.4917665,-83.5373946,3,30511
Chesterfield County,34.7359889,-80.0881194,2,29709
Davie County,35.9367033,-80.5882803,1,27028
Franklin County Split,35.931426706363006,-86.86103225147774,10,37064
Franklin County Split,35.931426706363006,-86.87674754852226,7,37069
Franklin County Split,35.918700693637,-86.86103225147774,3,37064
Franklin County Split,35.918700693637,-86.87674754852226,16,37064
Muscatine County,41.424473,-91.0432051,8,52761
Montrose County Split,38.48468280636301,-107.86804573212208,18,81401
Montrose County Split,38.48468280636301,-107.88430186787792,12,81401
Montrose County Split,38.471956793637,-107.86804573212208,9,81401
Montrose County Split,38.471956793637,-107.88430186787792,4,81401
Prince George County,37.2220383,-77.2856305,2,23875
Manassas City Split,38.757311806363006,-77.46710768277268,18,20110
Manassas City Split,38.757311806363006,-77.4834257172273,2,20110
Manassas City Split,38.744585793637,-77.46710768277268,17,20110
Manassas City Split,38.744585793637,-77.4834257172273,1,20110
Danville City Split,36.592334806363006,-79.38709839631376,13,24540
Danville City Split,36.592334806363006,-79.40294720368622,6,24541
Danville City Split,36.579608793637,-79.38709839631376,2,24541
Danville City Split,36.579608793637,-79.40294720368622,3,24541
Vance County,36.3479057,-78.4297187,2,27537
Jackson County,36.3895976,-77.4213614,2,27845
Okanogan County,48.361262,-119.5833869,3,98840
Butler County,38.2586347,-94.3305059,5,64730
Marinette County,45.0999849,-87.6306623,7,54143
Baxter County,36.3261815,-92.3813621,17,72653
Wharton County,29.3116366,-96.1027371,5,77488
Isanti County,45.4894008,-93.2476091,5,55040
Shawano County,44.7822064,-88.60899169999999,9,54166
Amador County,38.4092417,-120.6660044,8,95665
Tazewell County,37.11483740000001,-81.5195548,5,24651
LaGrange County,41.641717,-85.4166467,5,46761
Okeechobee County,27.2439349,-80.82978279999999,19,34972
Oconto County,44.8872124,-87.8645473,3,54153
Gloucester County,37.4098631,-76.52661739999999,9,23061
Des Moines County Split,41.59320470636301,-93.61644494453512,26,50319
Des Moines County Split,41.59320470636301,-93.63345945546486,11,50314
Des Moines County Split,41.580478693637,-93.61644494453512,20,50309
Des Moines County Split,41.580478693637,-93.63345945546486,23,50309
Susquehanna County,41.9436071,-75.5991789,2,18827
Warren County,41.8439486,-79.1450445,11,
Defiance County,41.2844933,-84.3557802,7,43512
Pontotoc County,34.7685043,-96.663812,6,74820
Louisa County,38.0251394,-78.00416489999999,4,23093
Montgomery County,38.66254929999999,-87.0461181,2,47558
Newberry County,34.2745833,-81.6187178,11,29108
Clinton County,40.4913949,-80.2973027,2,15026
Marion County,37.7306054,-88.9331256,15,62959
Covington County,31.3066438,-86.49965460000001,7,36420
Clarion County,41.2147851,-79.3853218,7,16214
Natchitoches Parish,31.7607195,-93.0862749,16,71457
Houghton County Split,47.12749610636299,-88.56006703463547,11,49931
Houghton County Split,47.12749610636299,-88.57876936536454,14,49930
Houghton County Split,47.11477009363698,-88.56006703463547,4,49931
Houghton County Split,47.11477009363698,-88.57876936536454,2,49931
Bennington County Split,42.884497506363005,-73.18809098923943,22,05201
Bennington County Split,42.884497506363005,-73.20545721076057,13,05257
Bennington County Split,42.871771493637,-73.18809098923943,8,05201
Bennington County Split,42.871771493637,-73.20545721076057,7,05201
Clinton County,40.1536479,-88.9645253,7,61727
Okmulgee County,35.6266957,-95.9515399,7,74447
Dyer County,36.0667348,-88.99395489999999,2,38330
Graves County,36.6887728,-88.7108964,3,42066
Huntington County,40.8831011,-85.49747599999999,13,46750
Coshocton County,40.2720151,-81.8595756,17,43812
Orange County,38.2454106,-78.1108342,11,22960
Carlton County,46.6640011,-92.4248827,1,55718
Matagorda County,28.691133,-95.9682714,5,77457
Knox County,41.2958751,-86.6250139,7,46534
Wise County,36.9759345,-82.5757108,2,24293
Fannin County,28.6968366,-97.2366932,1,77960
Uintah County,41.1441104,-111.9232738,5,84405
Greenup County,38.5731349,-82.83016769999999,2,41144
Sioux County Split,42.50270460636301,-96.39631089400888,3,51105
Sioux County Split,42.50270460636301,-96.41357070599108,11,51103
Sioux County Split,42.489978593637,-96.39631089400888,30,51101
Sioux County Split,42.489978593637,-96.41357070599108,13,51101
Livingston County,38.9675463,-89.76398270000001,1,62058
Madison County,41.8279842,-97.4549636,1,68748
Lincoln County,45.3622301,-68.5050006,5,04457
Wapello County,41.18141929999999,-91.1854273,1,52653
Becker County,45.3936601,-93.8703184,3,55308
Morrow County,39.3545046,-84.1271568,2,45152
Brookings County,44.3113573,-96.7983877,9,57006
Effingham County,39.1200418,-88.5433829,13,62401
Lincoln County Split,40.820026406363006,-96.69416905764558,6,68588
Lincoln County Split,40.820026406363006,-96.7109837423544,37,68588
Lincoln County Split,40.807300393637,-96.69416905764558,13,68508
Lincoln County Split,40.807300393637,-96.7109837423544,15,68508
Taos County Split,36.413576406363006,-105.56547266741266,27,87571
Taos County Split,36.413576406363006,-105.58128493258734,18,87571
Taos County Split,36.400850393637,-105.56547266741266,11,87571
Taos County Split,36.400850393637,-105.58128493258734,19,87571
Ford County,37.6361315,-99.7540159,1,67842
Halifax County,36.7659709,-78.92834409999999,4,24558
Christian County,39.5672183,-89.3226954,1,62568
Pulaski County,37.0478982,-80.7797935,4,24301
Wakulla County,30.1301689,-84.3542049,2,32327
Fulton County,41.8672508,-90.1595705,1,61252
Marion County,42.033279,-91.5968958,15,52302
Lumpkin County,32.0509895,-84.7990901,2,31815
Petersburg City Split,37.234290906363,-77.3939353338918,6,23803
Petersburg City Split,37.234290906363,-77.40991806610818,22,23834
Petersburg City Split,37.221564893636994,-77.3939353338918,2,23803
Petersburg City Split,37.221564893636994,-77.40991806610818,5,23803
Bureau County,41.35991560000001,-89.4742177,2,61356
Hot Spring County Split,34.514124506363004,-93.0468786683242,30,71901
Hot Spring County Split,34.514124506363004,-93.06232193167575,11,71901
Hot Spring County Split,34.501398493637,-93.0468786683242,8,71901
Hot Spring County Split,34.501398493637,-93.06232193167575,14,71913
Jefferson County,38.2775702,-85.7371847,10,47130
Jasper County,38.3914418,-86.9311094,12,47546
Jasper County,30.920823,-93.9968812,3,75951
Clinton County,39.6569817,-87.3980741,2,47842
Gibson County,38.3338249,-87.5791287,2,47670
Morgan County,39.7341219,-90.2244662,18,62650
Jackson County,39.0520169,-82.6365536,2,45640
Logan County,37.8487147,-81.9934581,3,25601
Juneau City and Borough Split,58.306856306363,-134.40802129771174,16,99802
Juneau City and Borough Split,58.306856306363,-134.43223990228825,2,99802
Juneau City and Borough Split,58.29413029363699,-134.40802129771174,25,99802
Juneau City and Borough Split,58.29413029363699,-134.43223990228825,2,99801
Gilmer County Split,34.699898906363,-84.48799952292075,17,30540
Gilmer County Split,34.687172893637,-84.47252167707924,6,30540
Gilmer County Split,34.687172893637,-84.48799952292075,6,30540
Amherst County,37.5851412,-79.0514134,2,24521
Sheridan County Split,44.803556906363006,-106.94721213364484,44,82801
Sheridan County Split,44.803556906363006,-106.96514606635516,22,82801
Sheridan County Split,44.790830893637,-106.94721213364484,12,82801
Sheridan County Split,44.790830893637,-106.96514606635516,3,82801
Delta County,38.7422062,-108.0689582,6,81416
Wabash County,40.797821,-85.8205411,13,46992
Clare County,43.8194703,-84.7686281,3,48617
Bee County,28.4008319,-97.7483312,1,78102
Elk County,41.4284924,-78.5660852,4,15857
Trempealeau County,44.0055185,-91.4420883,2,54661
Obion County,36.2589567,-89.19173529999999,2,38240
Boyle County,37.6526034,-84.8150781,2,40422
Powhatan County,37.5415273,-77.91882389999999,4,23139
Austin County Split,30.273516006363007,-97.7356935203174,11,78778
Austin County Split,30.273516006363007,-97.75042807968258,31,78701
Austin County Split,30.260789993637,-97.7356935203174,20,78767
Austin County Split,30.260789993637,-97.75042807968258,40,78704
Madison County Split,33.602044306363005,-83.46030499713802,6,30650
Madison County Split,33.602044306363005,-83.47558300286198,14,30650
Madison County Split,33.589318293637,-83.46030499713802,11,30650
Madison County Split,33.589318293637,-83.47558300286198,9,30650
McPherson County,38.3708415,-97.6642087,3,67460
Schoharie County,42.6659087,-74.3095787,1,12157
Marion County,34.178216,-79.4006069,4,29571
Marion County,32.6323536,-87.3191655,2,36756
Mason County,42.5792027,-84.4435845,1,48854
Decatur County Split,33.781190506363004,-84.28865736021497,14,30030
Decatur County Split,33.781190506363004,-84.30396723978502,17,30030
Decatur County Split,33.768464493637,-84.28865736021497,11,30030
Decatur County Split,33.768464493637,-84.30396723978502,10,30030
Alpena County Split,45.068042406363006,-83.42374444731686,8,49707
Alpena County Split,45.068042406363006,-83.44176115268314,13,49707
Alpena County Split,45.055316393637,-83.44176115268314,2,49707
Cherokee County,35.4770574,-83.3205859,6,28719
Montgomery County,41.730585,-88.3459048,6,60538
Monroe County Split,33.801199406363004,-83.70557227143429,4,30655
Monroe County Split,33.801199406363004,-83.7208857285657,9,30655
Monroe County Split,33.788473393637,-83.70557227143429,12,30655
Monroe County Split,33.788473393637,-83.7208857285657,9,30655
Fredericksburg City Split,38.309546706363,-77.45243149376545,10,22405
Fredericksburg City Split,38.309546706363,-77.46864830623456,17,22401
Fredericksburg City Split,38.296820693637,-77.45243149376545,24,22401
Fredericksburg City Split,38.296820693637,-77.46864830623456,31,22402
Dillon County,34.4165505,-79.3711579,4,29536
White County,34.2828722,-84.7452138,1,30184
Washington County,38.65921520000001,-87.172789,9,47501
Hocking County,39.4909358,-82.4752757,2,43138
Winchester City Split,39.192022706363005,-78.15512485655954,11,22601
Winchester City Split,39.192022706363005,-78.17154334344046,19,22601
Winchester City Split,39.179296693637,-78.15512485655954,12,22601
Winchester City Split,39.179296693637,-78.17154334344046,41,22601
Tate County,34.6413971,-89.9626799,1,38668
Grant County,35.14726,-107.8514466,4,87020
Baker County,30.7971318,-86.681344,2,32531
Union County,32.5715272,-89.1214478,2,39365
Henderson County,35.4392435,-88.641441,8,38340
Upson County,32.9047684,-84.3121264,2,30286
Logan County,36.869834,-86.86218269999999,3,42276
Yazoo County,32.8551326,-90.4056468,3,39194
Orleans County,44.8113194,-72.2025287,2,05860
Dawson County,31.7735001,-84.4465826,3,39842
Tillamook County,45.4562158,-123.8440137,15,97141
Union County,34.7154122,-81.623711,1,29379
King George County,38.2664512,-77.18078419999999,2,
Caddo County,34.1267595,-96.2633229,1,74729
Carroll County,39.7989528,-82.7010016,3,43112
Cass County,40.8755529,-96.1526985,1,68463
Boone County,42.0597047,-93.8802273,7,50036
Geneva County,31.0329572,-85.8638242,1,36340
Harlan County,36.8431441,-83.321848,3,40831
Grayson County,38.3325812,-82.9485023,10,41143
Elbert County,39.2194678,-104.5371508,1,80106
Decatur County,40.830603,-84.9291329,9,46733
Union County,45.2084696,-117.8652126,2,97883
Wyoming County,41.3117471,-75.83741739999999,6,18644
Edgefield County,33.7895774,-81.9295582,5,29824
Charlevoix County Split,45.324426206363,-85.24935137754676,5,49720
Charlevoix County Split,45.324426206363,-85.26744942245324,11,49720
Charlevoix County Split,45.311700193637,-85.24935137754676,9,49720
Charlevoix County Split,45.311700193637,-85.26744942245324,26,49720
Hart County,34.3500039,-82.95015579999999,2,30643
Lawrence County,44.31065299999999,-103.7979877,2,
Johnson County,36.1334622,-94.1629938,18,72762
Cheboygan County,45.64695630000001,-84.4744795,7,49721
Staunton City Split,38.155939006363006,-79.06360449829428,13,24401
Staunton City Split,38.155939006363006,-79.07978710170572,24,24401
Staunton City Split,38.143212993637,-79.06360449829428,19,24401
Staunton City Split,38.143212993637,-79.07978710170572,17,24401
Payette County,44.0782195,-116.9337711,6,83661
Mason County,39.021745,-82.0290296,3,25260
Gladwin County,43.9808549,-84.48640069999999,8,48624
Salem City Split,37.299831106363,-80.04676427699289,5,24153
Salem City Split,37.299831106363,-80.06276092300709,9,24153
Salem City Split,37.287105093637,-80.04676427699289,11,24153
Salem City Split,37.287105093637,-80.06276092300709,11,24153
Otsego County,42.4605904,-85.696406,1,49078
Milam County,31.4324041,-93.8457416,1,75948
Cherokee County,34.7570342,-87.9728143,1,35616
Manistee County,44.2444473,-86.324253,15,49660
Miller County,37.2147751,-93.8399313,1,65707
Uvalde County,29.20968359999999,-99.7861679,9,78801
Somerset County Split,38.972306806363,-77.08790557831792,1,20815
Somerset County Split,38.959580793637,-77.08790557831792,36,20815
Jefferson County,44.7195662,-123.0103708,1,97352
Randolph County,39.1577814,-94.4955088,6,64161
Rowan County,38.177068,-83.46435509999999,2,40351